Yacht_Name,Type,Yacht_ID,Length,Builder_ID,Price,Build_Year,Sleeps,Crew
Caryali,Motor,MO001,26.3,04BONUS,6590000,2013,2,0
JL Seagull,Motor,MO002,44.2,34SIMIT,9900000,2002,10,8
Senso One,Sail,SA001,42.67,01FORAU,3300000,2003,4,8
Aime Sea,Sail,SA002,35.1,03NORNZ,3250000,1994,14,5
Taiba,Motor,MO003,50,34SIMIT,9500000,1997,12,10
SD92,Motor,MO004,28,16FELIT,7560000,1990,6,2
Gaia,Sail,SA003,30.6,05ORWGB,3000000,2009,2,2
Tango,Sail,SA004,24,08BIAIT,3000000,2010,8,4
Obsession II,Sail,SA005,34.2,05ROCFR,2500000,2002,8,5
AltaMarea,Sail,SA006,29.45,08KOLNL,2400000,2003,6,3
Silver Spray,Sail,SA007,28,05BARIT,1800000,1916,10,6
Stella,Motor,MO005,34.53,04MERGB,7500000,2010,6,4
Joseph Conrad,Sail,SA008,37,05HARNL,1250000,1995,6,3
Zenji,Sail,SA009,56,03MILAU,26900000,2008,5,1
Fado,Sail,SA010,30.2,01TABZA,6500000,2006,13,8
Fantastica,Sail,SA011,30.3,01KESFI,4600000,2012,7,6
Red Square,Motor,MO006,73,10PENTR,63500500,2012,16,9
Tu Moana,Motor,MO007,69,01FORAU,6500000,2003,12,20
Arabella II,Motor,MO008,33.91,04MERGB,6200000,2004,14,10
Lumar,Motor,MO009,33.8,01ALBIT,4150000,2006,14,8
Darlings Danama,Motor,MO010,60,22MANIT,35000000,2011,14,6
Elisa,Motor,MO011,31.1,18GALIT,3950000,2001,9,5
Paolyre,Motor,MO012,32.7,06WATFR,3900000,2003,13,8
Aleica,Motor,MO013,27.93,18GALIT,3900000,2004,3,2
Malandrino,Motor,MO014,25.92,34SIMIT,3350000,2009,7,4
iFly,Motor,MO015,26.8,04MERGB,3000000,2004,2,2
Helix,Motor,MO016,45,14VANNL,29900000,2006,14,10
Go,Motor,MO017,39,14VANNL,21900000,2003,12,8
D'Angleterre,Motor,MO018,33,09NOVTR,2950000,2008,14,8
Luna,Motor,MO019,31.2,01ALBIT,2950000,2010,6,4
Ladies First,Motor,MO020,30,05BARIT,2500000,2003,4,2
Nordic Star,Motor,MO021,37,22MANIT,2490000,1978,14,8
Cacos IV,Motor,MO022,27.12,37VALIT,2300000,1994,13,7
IFA Cannes,Motor,MO023,27,32SEAIT,2200000,2009,11,8
Sea Raider IV,Motor,MO024,31,04MERGB,2000000,2010,10,5
Framura2,Motor,MO026,45.5,30ROSIT,18500000,2006,4,4
Glaze,Motor,MO027,49.1,17SOUUS,17900000,2007,10,8
Noa VII,Motor,MO028,48.18,14VANNL,14980000,2001,8,4
Latitude,Motor,MO029,45,01TYURU,14950000,2002,8,4
Sofico,Motor,MO030,43,22MANIT,14500000,2009,10,9
Como,Motor,MO031,40,03NORNZ,10950000,2007,9,5
MarionQueen,Motor,MO032,49.13,14VANNL,10900000,2010,11,7
Tatiana per Sempre,Motor,MO033,44,07BELIT,10500000,2007,10,7
Ninemia,Motor,MO034,31,01BOKNL,1950000,1995,13,7
Whisper IV,Motor,MO035,26.5,01CHATW,1850000,1994,9,5
Volero,Motor,MO036,26.02,02ALEIT,1850000,1987,8,3
LadyTalitha,Motor,MO037,27,16FELIT,1800000,2001,9,5
Meantime,Motor,MO038,28.6,03XIOTW,1790000,2002,6,3
New Life,Motor,MO039,30.6,31SANIT,1645000,2001,8,5
Magic Carpet,Sail,SA012,28.8,08BIAIT,3700000,2008,4,2
LadyKatanaII,Motor,MO040,30.2,32SEAIT,1500000,2009,7,3
IamnotinaHurry,Motor,MO041,24,16FELIT,1300000,2007,5,2
Timeless C,Motor,MO042,28.78,04MERGB,1250000,2010,9,4
Trapani 2,Motor,MO043,27.12,37VALIT,1250000,2007,12,6
Anastasia,Motor,MO044,24,10CORIT,1200000,2010,12,5
Splendida,Motor,MO045,27,25NUOIT,1200000,1999,13,3
Beluga,Motor,MO046,37,04MERGB,8995000,2006,8,3
Rosso,Motor,MO047,29,07TAMGB,3950000,2005,8,4
Emocion,Motor,MO048,28.22,02ALEIT,3900000,2006,6,3
Alexandra V,Motor,MO049,30,07TAMGB,3250000,2007,7,4
Predator 80,Motor,MO050,24,04MERGB,2839000,2001,7,3
Blanco,Motor,MO051,26,07TAMGB,2350000,2002,4,2
Laurel,Motor,MO052,73.15,18SPIUS,79500000,2010,14,8
Maidelle,Motor,MO053,62.5,13SCHNL,55000000,2012,12,8
Only Now,Sail,SA013,31.72,07YORFR,2495000,2002,4,4
Sealyon,Motor,MO054,36.6,35SOLIT,5773672,2007,1,6
April Fool,Motor,MO055,61,14VANNL,59950000,2001,12,6
Triple Seven,Motor,MO056,68,01KAUDE,39750000,2003,12,6
Couach 5000 Fly,Motor,MO058,49.9,15FATIT,24900000,2012,5,10
Larissa,Motor,MO059,49.3,16VOONL,22500000,2004,4,2
Andiamo,Motor,MO060,42.56,14VANNL,19500000,2012,10,5
Magari,Motor,MO061,42,30ROSIT,19000000,2007,6,2
Bliss,Motor,MO062,44,15VERNL,18900000,2001,8,2
Streamline,Motor,MO063,49.3,24NAUIT,15900000,2003,9,4
Status Quo,Motor,MO064,46,01BAYCA,19995000,2010,12,5
Auspicious,Motor,MO065,46.2,25NUOIT,14900000,2009,3,10
Mr Terrible,Motor,MO066,46.94,18SPIUS,19500000,2008,5,5
Grace E,Motor,MO067,49.9,30ROSIT,18500000,2004,4,3
Oxygen,Motor,MO068,42,07BELIT,137500000,2009,6,4
AncorA,Motor,MO069,42.9,07BELIT,12900000,2009,11,5
S Cape,Motor,MO070,57.2,10PAZNL,15000000,1978,8,19
Perle Noire,Motor,MO071,37.3,15VERNL,11500000,1980,8,4
Perle Bleue,Motor,MO072,38,04ENGNL,13900000,1992,7,5
Smile,Motor,MO073,43.6,34SIMIT,9900000,2006,7,3
Beothuk,Motor,MO074,31.1,03DONNL,11900000,2001,11,5
Top Times,Motor,MO075,34.46,03BELUS,11000000,2003,1,5
Livia,Motor,MO076,30,11PINNL,7950000,2002,8,6
Element,Motor,MO077,42.7,12DEIT,7950000,2004,12,6
Melina C,Motor,MO078,40,32SEAIT,7900000,2011,14,10
Lady Allison,Motor,MO079,45.7,14VANNL,9900000,1994,7,4
My Colors,Motor,MO080,39.62,25WESUS,9450000,2005,14,7
Darsea,Motor,MO081,30,11PINNL,6900000,2001,14,6
Lady Feryal,Motor,MO082,42.5,36SOUIT,8995000,2003,5,8
Titan XIV,Sail,SA014,35.05,29PORIT,2490000,1994,6,6
Blu,Motor,MO083,35,34SIMIT,5950000,2005,6,7
Shaman,Sail,SA015,26.28,23VIKUS,1750000,1997,6,4
Zozo,Motor,MO084,28,04MERGB,4750000,2002,8,6
Phaedra,Motor,MO085,37,18SPIUS,7495000,2001,10,8
Thunder B,Motor,MO086,49,03MILAU,5000000,1998,8,8
New Star,Motor,MO087,30.2,34SIMIT,4300000,2003,7,4
Huey's Isalnd,Motor,MO088,31.4,01CHATW,5500000,2007,5,3
Jojo's Circus,Motor,MO089,30.4,14NEWUS,5495000,2004,13,8
La Mascarade,Motor,MO090,30,14VANNL,3950000,2007,14,7
Starship,Motor,MO091,29.57,05BARIT,3950000,2007,12,6
Desirade,Sail,SA016,28,09CATIT,1500000,1998,6,2
Beyond the Clouds,Motor,MO092,30.2,34SIMIT,3900000,2004,14,7
Mirabella I,Sail,SA017,40,01TATTH,1000000,2013,8,6
Aphrodite 1,Sail,SA018,28.23,01BOKNL,800000,2006,5,2
Ester,Motor,MO093,35.5,31SANIT,3900000,2007,9,5
Kathleen M,Motor,MO094,28.04,02BELCA,4700000,2009,10,5
Eleonora,Motor,MO095,26,11PINNL,3250000,2001,6,8
Sono,Motor,MO096,29.3,07TAMGB,3200000,2002,6,4
Erossea,Motor,MO097,30.75,23MORIT,3150000,2010,4,2
Ace of Diamonds,Motor,MO098,34,04ENGNL,3950000,2001,4,2
Taurus,Motor,MO099,31.6,04ATLTR,2950000,2001,6,3
Bonita J,Motor,MO100,34,11PINNL,2950000,2001,8,4
Celeste,Motor,MO101,31,04AURIT,2950000,2001,12,5
Tropicana,Motor,MO102,26.83,23MORIT,2900000,2007,8,4
Louis and the Girls,Motor,MO103,27,10CORIT,2750000,2001,6,2
Ronda,Motor,MO104,32.9,16FELIT,2700000,2001,10,5
Kereon,Motor,MO106,27,28PERIT,2350000,2005,5,3
Woody,Motor,MO107,27,25NUOIT,1900000,2006,3,3
VaKoMaaNo,Motor,MO108,29.26,10GLOUS,2400000,2001,6,3
Salve,Motor,MO109,29.75,34SIMIT,1750000,1974,3,5
Angela D,Motor,MO110,24,22TAMUS,1895000,2001,4,2
Nirvana Star,Motor,MO111,27.74,20STUUS,2150000,2001,9,6
Nicole Maria,Sail,SA019,26.82,06JACNL,795000,2010,9,0
Wish,Sail,SA020,25.91,03ALMTR,580000,1998,7,4
Serena,Sail,SA021,26.68,34SIMIT,470000,2001,7,3
Leonardo II,Motor,MO112,29.83,23MORIT,1500000,2004,3,1
The Bee's Honey,Motor,MO113,28.04,01GALAR,1995000,2002,6,2
Dividend,Motor,MO114,25.6,03COLCA,1950000,1998,8,4
Lady Tatiana,Motor,MO115,29.98,03XIOTW,1450000,2010,9,4
Summerwind,Motor,MO116,44,02WHACN,2950000,2012,9,3
Quiet Place,Motor,MO117,30.48,07DECUS,1890000,2011,4,4
Mrs Robinson,Motor,MO118,25.85,11TALTR,1200000,2002,10,3
Carlos Primero,Motor,MO119,24.97,04MERGB,1190000,2001,8,6
Unreel,Motor,MO120,30.7,31SANIT,1495000,1987,9,9
La Dolce Vita,Motor,MO121,26,11PINNL,1100000,1990,8,6
Miss Dana,Motor,MO122,31,11DEMIT,950000,2003,9,6
Equilibrium,Motor,MO123,30.5,27OSPIT,850000,2004,10,5
Escape,Motor,MO124,30.48,07DECUS,800000,2008,6,2
Atalanta,Motor,MO125,25.43,06JACNL,795000,2009,6,4
Sea Angel,Sail,SA022,26.8,13NELUS,985000,2010,6,2
Paraiso,Sail,SA023,40,03NORNZ,8995000,2010,4,3
Tamarindo,Motor,MO127,38.7,19GIAIT,795000,2003,6,3
Sunrise,Motor,MO128,24,23MORIT,875000,2012,7,3
Longo Mai,Motor,MO129,34.75,12DEIT,850000,2013,8,4
Sea Diamond,Sail,SA024,27.4,03PORDE,4500000,1956,4,2
Callaloo,Motor,MO130,25.07,27OSPIT,600000,2005,5,4
Mr Ed,Motor,MO131,29.6,32SEAIT,795000,2006,5,3
Silver Cloud,Motor,MO132,24.38,03BELUS,585000,2003,7,3
Elegante,Motor,MO133,25,02COONZ,495000,2010,4,2
Diversion,Motor,MO134,24,21MANIT,350000,1997,5,4
Sea D,Motor,MO135,39.4,05AVRTR,9900000,2012,6,3
Fortrus,Motor,MO136,34.15,01BODBR,9750000,2011,6,6
Grand Cru,Motor,MO137,32.3,03BELUS,870000,2002,2,6
Sea Bowld,Motor,MO138,53.04,03MILAU,8995000,2001,4,2
Mary Alice II,Motor,MO139,39.6,25WESUS,8950000,1987,4,6
Kassidy Lynn,Motor,MO140,34.14,25WESUS,8495000,1990,7,3
Agneta,Sail,SA025,25.08,01BALSE,1350000,1950,5,2
Missing Link,Motor,MO141,34.14,25WESUS,8275000,1998,8,3
Nobility,Motor,MO142,24.3,03BELUS,795000,2003,5,3
Marlena,Motor,MO143,28.96,15SALUS,7950000,2004,10,6
Steadfast,Motor,MO144,34.14,25WESUS,7800000,2006,7,6
Wheels,Motor,MO145,37.8,17SOUUS,7775000,2008,8,6
Lucy Belle ,Motor,MO146,27.81,04YACAU,5995000,2010,9,3
Montage ,Motor,MO147,24.38,06PORCA,2151655,2009,2,2
First Draw,Motor,MO148,38.58,02ARIUS,7490000,2007,12,6
AquaLibrium,Motor,MO149,40,22MANIT,6950000,2003,8,7
Bri,Motor,MO150,43,02ARIUS,6950000,2012,9,5
Aurora,Motor,MO151,26.4,04BONUS,6750000,2013,12,5
Relentless,Motor,MO152,33.53,01KOWHK,6500000,2005,4,2
u-e,Motor,MO153,32,03BELUS,5995000,2006,8,4
Montrevel,Motor,MO154,36.9,01ACOFR,5395000,1998,11,7
Starlight,Motor,MO155,32.3,23VIKUS,4995000,2001,6,4
Emuna,Motor,MO156,24.4,10CORIT,4995000,2003,6,4
My Lady M,Motor,MO157,27.4,08DESUS,4995000,2010,6,2
Amarula Sun,Motor,MO158,24.4,14NEWUS,4995000,2010,5,3
Applause,Motor,MO159,45.5,09KRONL,4950000,2012,5,13
Cassiopeia,Motor,MO160,32,19ZAANL,4900000,2011,8,4
Anna Jayne,Motor,MO161,45.5,09KRONL,4900000,2002,2,8
Big D,Motor,MO162,45.03,02HOSJP,4900000,2001,10,5
Shogun,Motor,MO163,37.2,02DELGR,4500000,1987,8,2
Silver Shalis,Motor,MO164,40.02,03PORDE,4495000,1990,11,5
Onika,Motor,MO165,33.53,18SPIUS,4250000,1998,5,2
GG,Motor,MO166,27.4,03BELUS,4000000,2003,3,5
Happy Days,Motor,MO167,50,18SPIUS,34500000,2004,7,4
Rochade,Motor,MO168,47.5,18SPIUS,34500000,2006,12,5
Little Sarah,Motor,MO169,30.4,01SHAEG,3999999,2008,11,5
Dream,Motor,MO170,32,08DESUS,3995000,2010,9,3
Kauhale Kai,Motor,MO171,27.43,09WATCA,3950000,2009,7,4
Ma'aktare,Motor,MO172,25.9,09DUWUS,3899000,2007,9,2
Donna Marie,Motor,MO173,28.3,08DESUS,3875000,2003,12,6
Dancing Milly III,Motor,MO174,28,01SEACN,3500000,2012,6,4
Mirage IV,Motor,MO175,40.7,15VERNL,3400000,2013,13,5
Selene,Sail,SA026,56,33SERIT,25000000,2007,12,9
Swift,Sail,SA027,32.8,04MARFR,2950000,2000,6,5
Acadia,Motor,MO176,25.6,05BOWUS,3300000,2005,13,6
Xilonen V,Motor,MO177,50,25WESUS,28500000,2006,6,2
Big Fish,Motor,MO178,45,01COANZ,25000000,1998,8,6
Princess Jules,Motor,MO179,25.8,10CORIT,2950000,2001,4,1
Anaisa,Motor,MO180,26.5,01CHATW,2950000,2003,10,6
Passion,Motor,MO181,25.6,22TAMUS,2950000,2010,11,6
Speedy,Motor,MO182,25.9,03BELUS,2895000,1999,7,3
Troutopia,Motor,MO183,24.4,22TAMUS,2795000,2012,6,2
Khamsin,Motor,MO184,28.6,04MERGB,2600000,2001,4,1
Marigar,Motor,MO185,28.6,04MERGB,2500000,2010,5,2
Viaggio,Motor,MO186,27.4,02WHACN,2495000,1998,6,3
Mary P,Motor,MO187,26.52,08TRICA,2250000,1998,6,2
Serenity Now,Motor,MO188,29.3,25WESUS,2000000,1990,7,4
Maidelle,Motor,MO189,49,17SOUUS,19950000,2007,10,5
Allure Shadow,Motor,MO190,67.06,02COONZ,19950000,2007,12,6
Big City,Motor,MO191,42.7,17SOUUS,17900000,2009,6,2
Just J's,Motor,MO192,36.8,04MERGB,13999000,1990,3,0
Princess Sarah,Motor,MO193,43.3,01BAYCA,12900000,1980,4,2
Elle,Motor,MO194,46.02,16SLEUS,10900000,1982,12,6
Melimar,Motor,MO195,30.5,23MORIT,1995000,1999,7,3
Loretta,Motor,MO196,27.4,23MORIT,1850000,1996,2,0
Lady Laura,Motor,MO197,29.87,25WESUS,1850000,1992,6,4
Seacall,Motor,MO198,36.27,01ALUUS,1800000,2001,4,0
ZaZu,Motor,MO199,29,18WDNL,1699000,1970,5,0
MagicTime,Motor,MO200,31.39,02ARIUS,1495000,2001,13,5
AquariusW,Motor,MO201,30.48,07MARTR,1450000,2005,7,3
Texas Star,Motor,MO202,31,23MORIT,1149000,1987,4,5
Supreme 123,Motor,MO203,40,34SIMIT,17900000,2012,10,7
Chills,Motor,MO204,25.91,23MORIT,1950000,2012,8,2
King Baby,Motor,MO205,30.78,08DESUS,5700000,2001,12,4
Christine,Motor,MO206,30.48,02WHACN,3995000,2003,8,2
Moon Shine,Motor,MO207,30.78,03COLCA,4900000,2010,9,3
Motivation,Motor,MO208,25,03BELUS,3450000,2012,12,3
Mustang Sally,Motor,MO209,40,25WESUS,16950000,2010,4,2
Were Dreams,Motor,MO210,52,16VOONL,29950000,2010,8,4
Scott Free,Motor,MO211,48,02ARIUS,32500000,1998,11,2
Amarello,Motor,MO212,26.97,23MORIT,1500000,1998,6,2
Kim,Sail,SA028,28.55,08BIAIT,4900000,2014,6,3
Sovereign,Motor,MO213,39.6,25WESUS,13500000,1990,6,2
Miz Doris III,Motor,MO214,33.2,25WESUS,2449000,1980,6,4
Four Aces,Motor,MO215,55.8,34SIMIT,34900000,1982,5,8
Julie Marie,Sail,SA029,30.21,01KESFI,7400000,2007,9,4
Awol Again,Sail,SA030,27.26,06GULTR,900000,2004,8,4
New Sunrise,Motor,MO216,61.3,22MANIT,28500000,2001,5,1
Orion,Sail,SA031,27.43,03JMCFR,4900000,1986,6,3
Harbour Island,Motor,MO217,54.9,19SUUS,49500000,2001,3,1
Moon River,Motor,MO218,30.78,20STUUS,1999999,2005,2,0
99 Problems,Motor,MO219,34.14,05GLACA,4995000,2001,3,0
Anna J,Motor,MO220,36.58,20STUUS,3950000,2003,14,5
Bear Market,Motor,MO221,28.3,27OSPIT,1950000,2010,6,0
Atlantica,Motor,MO222,41.5,02ARIUS,10900000,2012,8,2
Australis,Motor,MO223,48,03MILAU,19950000,2001,3,9
LDV,Motor,MO224,24.3,22TAMUS,1950000,2010,7,2
Think Big,Motor,MO225,29.9,03BELUS,1295000,1998,3,3
Sunrise,Motor,MO226,52.8,09KRONL,19950000,1998,11,10
My Way,Motor,MO227,32,03XIOTW,1490000,1990,9,5
Aurora Dignitatis,Motor,MO228,27.03,10CORIT,5500000,1980,7,2
Nina,Motor,MO229,37,04MERGB,7950000,1982,9,3
Rominta,Motor,MO230,38,07BELIT,1600000,2001,12,3
CD One,Motor,MO231,33.5,08WIGGB,1750000,2001,6,2
Ragazza,Motor,MO232,35.05,22MANIT,1350000,2005,8,3
Questa E La Vita,Motor,MO233,30,09NOVTR,800000,2002,6,2
Du Ciel,Motor,MO234,25.5,13DISIT,650000,2010,3,0
Olakala,Motor,MO235,24.05,10CORIT,2200000,2011,6,0
Piacere,Motor,MO236,24.57,10CORIT,795000,2012,2,0
Pegasus II,Sail,SA032,28,20STUUS,3500000,1956,12,6
Bamboleo,Motor,MO237,29.3,08DESUS,3495000,2013,10,4
Altana,Motor,MO238,27,31SANIT,750000,2002,11,6
Cameleon B,Motor,MO239,42.7,05AVRTR,6900000,2010,8,4
Flipper,Motor,MO240,31.85,25WESUS,3500000,2001,4,2
Oomka,Motor,MO241,26.88,04MERGB,3495000,2004,6,2
Blue Star,Motor,MO242,26.5,03BELUS,1250000,1987,4,0
Zoom Zoom Zoom,Motor,MO243,49.07,17SOUUS,21900000,2005,6,4
Mirage,Motor,MO244,31,21MANIT,5700000,2010,6,3
Perseus,Sail,SA033,50,33SERIT,14900000,2001,12,8
Bushido,Sail,SA034,37.5,12TURTR,2450000,2004,8,5
Bembik,Motor,MO245,27,25NUOIT,1250000,2006,7,3
Larisa,Motor,MO246,43.8,34SIMIT,15750000,2006,10,5
Bel Abri,Motor,MO247,52.3,16VOONL,33900000,2010,12,8
Piola,Motor,MO248,25.3,10CORIT,2350000,2003,4,4
Special Issue VIII,Motor,MO249,32.9,25WESUS,2495000,1999,3,8
Moon,Motor,MO250,24.4,03XIOTW,1550000,2000,8,3
Magic,Motor,MO251,39.6,06CUSUS,12900000,2001,12,6
Fusion,Motor,MO252,37.75,04ATLTR,9975000,1980,7,4
Lady Christine,Motor,MO253,55.6,09KRONL,19950000,2001,1,5
Trinity II,Motor,MO254,42,34SIMIT,3550000,1991,6,5
The Snapper,Motor,MO255,37,04MERGB,6700000,1986,4,4
Beyond,Motor,MO256,30.5,01BODBR,5525000,1981,5,4
PGs Jester,Motor,MO257,31.1,07DECUS,895000,1995,13,5
Cinque Star,Motor,MO258,35.4,23MORIT,8495000,2010,7,3
Shandor,Motor,MO259,49.95,02KELDE,6975000,2006,8,6
Resilience,Motor,MO260,34.1,25WESUS,3475000,1999,8,6
Maymoon,Motor,MO261,28,04MERGB,2650000,2005,6,4
Lady A,Motor,MO262,33.83,02SAOBR,2900000,2001,6,6
Carolina Dreamin,Motor,MO263,25.6,04MERGB,1390000,2000,6,3
Caneli,Motor,MO264,43.4,01ASMDK,14950000,2001,6,4
Atlantide,Motor,MO265,37,02DARGB,5000000,2012,4,4
Sunrise,Motor,MO266,46,22MANIT,10500000,2004,6,6
Liquidity,Motor,MO267,31.09,07DECUS,999000,1983,4,4
Grazziana,Motor,MO268,27.7,20STUUS,1995000,2010,4,1
Galaxia,Sail,SA035,52,33SERIT,22000000,1997,12,10
Parlay,Sail,SA036,38.4,17FREIT,5900000,1991,10,7
Samara B,Motor,MO269,34,04MERGB,6950000,2012,4,2
The Lady J,Motor,MO270,32.2,15VERNL,949000,2011,6,2
Trix-Sea,Motor,MO271,31.4,07DECUS,3200000,2000,8,4
Office,Motor,MO272,26,07TAMGB,3950000,2002,6,2
Sullivan Bay,Motor,MO273,36,07DECUS,3995000,2000,4,3
Stilvi III,Motor,MO274,35,34SIMIT,5500000,2004,7,3
Texas Star II,Motor,MO275,35,01ALUUS,1700000,1988,5,4
VF-15,Motor,MO276,48.8,02ARIUS,29950000,2001,8,4
Contigo,Motor,MO277,34.1,25WESUS,7850000,2009,8,6
Slojo,Motor,MO278,47.5,18SPIUS,27500000,1987,6,4
Beija Flor,Motor,MO280,35.05,14VANNL,4450000,1990,6,6
Dynasty,Motor,MO281,59.3,31SANIT,450000,2008,8,8
Quasart,Sail,SA037,32.9,05BARIT,695000,2004,16,10
St Marteen,Motor,MO282,34.7,30ROSIT,1900000,2003,5,3
Sailing T,Sail,SA038,30,08KOLNL,2350000,1993,8,4
Squalo,Motor,MO283,35.8,23MORIT,3500000,2005,8,6
C105,Motor,MO284,32.2,03XIOTW,10000000,2004,10,4
K2Wind,Sail,SA039,24,08BIAIT,1900000,2000,6,4
Ameena,Sail,SA040,29,08KOLNL,5250000,2004,7,3
Black Shark of St Peter,Sail,SA041,24.72,17VOSNL,439000,2012,6,2
Fleurtje,Sail,SA042,57,18WDNL,6900000,1960,14,16
Montigne,Sail,SA043,57,03ALMTR,14499000,2009,14,10
Regina,Sail,SA044,56,13VORTR,9850000,2011,12,9
Burrasca,Sail,SA045,55.7,33SERIT,22500000,2003,12,9
Shenandoah of Sark,Sail,SA046,54.35,03MILAU,15000000,1902,10,11
Mondango,Sail,SA047,51.77,03NORNZ,25000000,2008,12,9
Game Time,Motor,MO285,24.4,14NEWUS,3500000,2006,4,2
Istros,Motor,MO286,42.06,12ROYNL,5950000,1954,12,10
Vitamin,Motor,MO287,36.6,20STUUS,14900000,2008,6,4
RE1,Motor,MO288,28.15,04MERGB,3550000,2010,6,2
Red Dragon,Sail,SA048,51.7,03NORNZ,28000000,2008,9,10
Symphony II,Motor,MO289,34.11,25WESUS,4395000,2001,7,5
Novela,Motor,MO290,29,03AQUIT,1975000,2009,7,3
Blue Attraction,Motor,MO291,36,16VOONL,3900000,1983,4,5
Shango,Motor,MO292,24.3,21MANIT,1000000,2003,4,3
Meteor,Sail,SA049,51.59,17VOSNL,25000000,2007,6,12
CL97,Motor,MO293,29.5,05BARIT,7500000,2007,3,6
Rosanna Primero,Motor,MO294,27.4,06BELIT,2500000,2007,5,0
La Rubia,Motor,MO295,32,23MORIT,9000000,2010,6,3
Sirea,Motor,MO296,35.5,03XIOTW,3490000,2003,6,3
Juna,Motor,MO297,27.03,10CORIT,3200000,2012,3,0
Lady Belmor,Motor,MO298,39.6,22MANIT,9995000,2009,12,8
QM of London,Motor,MO299,49.9,34SIMIT,9900000,1998,10,4
In All Fairness,Motor,MO300,28,04MERGB,2495000,2005,14,8
MM,Motor,MO302,27.42,06BELIT,4400000,1998,4,4
Southern Cross III,Motor,MO303,55.17,01ASAJP,8950000,1986,1,15
The Highland,Motor,MO304,46,14VANNL,4990000,2001,8,6
Annabelle,Motor,MO305,29.8,07KAPNL,1650000,2003,4,2
Kapalua,Motor,MO306,35.5,05GLACA,3600000,2010,7,4
Kingfisher,Motor,MO307,43.28,14VANNL,7750000,2012,8,3
Moonmaiden II,Motor,MO308,39,02AKRTR,1495000,1974,6,5
Hygh Energy,Motor,MO309,26.87,04MERGB,3300000,2004,6,4
Nadir II,Motor,MO310,26,34SIMIT,650000,1973,5,3
Taiji,Motor,MO311,28.04,27OSPIT,2450000,2000,5,3
Zefira,Sail,SA050,49.68,04ROYNZ,29500000,2010,10,7
Olialia,Motor,MO312,29.9,04MERGB,5100000,2010,4,2
Seven Js,Motor,MO313,33.47,22TAMUS,5900000,2011,5,4
Ocean Glory,Motor,MO314,26.4,01ARMGB,2900000,1935,6,4
Yosh II,Motor,MO315,31.5,34SIMIT,5950000,2009,8,2
Ganesha I,Sail,SA051,38.8,04ROYNZ,12450000,2007,10,6
Bliss,Sail,SA052,36.7,02COONZ,11900000,2010,10,4
Marflow,Sail,SA053,37.14,07SEACA,6750000,1982,9,5
Alithia,Sail,SA054,39.78,03PORDE,6000000,2002,22,7
Freedom,Sail,SA055,38.87,19GIAIT,4301882,1986,10,7
Thendara,Sail,SA056,36.52,03EBSGB,4975000,1936,6,7
Sea Bird,Motor,MO316,34.14,25WESUS,3950000,2000,8,6
Bella Bri,Motor,MO317,46,06CUSUS,21500000,2003,10,6
Numptia,Motor,MO318,70,20KINIT,85000000,2004,12,10
Ocean Victory,Motor,MO319,75.75,14VANNL,135000000,2009,5,24
Kokomo ,Sail,SA057,58.4,03NORNZ,39750000,2010,12,10
Blue Eyes,Motor,MO320,42,22MANIT,9900000,2004,10,6
Salute,Sail,SA058,55.9,33SERIT,26648825,2008,12,9
Felicia West,Sail,SA059,64,33SERIT,19034875,2003,12,11
Bandazul,Motor,MO321,26.87,04MERGB,3095000,2006,5,2
Orion of the Seas,Sail,SA060,49.29,06SOLGB,18500000,1910,10,11
Heritage,Sail,SA061,45.3,33SERIT,17500000,2006,12,6
Waterlily,Motor,MO322,43.4,01ASMDK,14950000,2007,10,8
Castle finn,Motor,MO323,34.14,25WESUS,6500000,2005,8,5
Estancia,Motor,MO324,34.14,25WESUS,8595000,2008,4,5
Ocean Models,Motor,MO325,27.4,24WESUS,1000000,1995,6,3
Doubleshot,Motor,MO326,36.5,26ONDIT,7200000,2011,1,6
Karma,Motor,MO327,24.3,06BELIT,3250000,2002,6,3
Morning Cloud,Motor,MO328,24,08KOLNL,975000,2010,7,2
Marbella,Motor,MO329,33,02CHATW,2395000,2012,7,2
Blink,Motor,MO330,41.05,12DEIT,12500000,2013,8,6
Safari,Motor,MO331,29,21TACUS,1975000,1997,6,4
Pegasus V,Motor,MO333,78.6,02COONZ,70899695,2003,12,26
Anne Elizabeth,Motor,MO334,75.5,09KRONL,125000000,2008,12,2
RM Elegant,Motor,MO335,72.48,01CALGR,38000000,2005,30,31
Tia Moana,Motor,MO336,69,01FORAU,20000000,2003,50,42
Sycara V,Motor,MO337,68.15,01KAUDE,75000000,2010,14,18
Kismet,Motor,MO338,68,04WITDE,79000000,2007,12,22
White Cloud,Motor,MO339,67.3,14VANNL,15900000,1983,12,16
Aquarius,Motor,MO340,67,16VOONL,69900000,2007,16,17
Family Day,Motor,MO341,65,30ROSIT,39500000,2010,14,14
Lady Lau,Motor,MO342,65,30ROSIT,44900000,2010,18,20
Hermes,Motor,MO343,64,20STUUS,59500000,2013,12,15
Sokar,Motor,MO344,63.76,30ROSIT,25000000,1990,22,12
Icon,Motor,MO345,62.5,13SCHNL,45750000,2010,14,19
Diamonds are Forever,Motor,MO346,60.95,34SIMIT,59500000,2012,14,15
M�duse,Motor,MO347,60.66,14VANNL,34500000,1996,12,18
St David,Motor,MO348,60,34SIMIT,32000000,2008,13,15
Twilight Moon,Sail,SA063,38.1,08MEHTR,14900000,2013,8,6
Idol,Motor,MO349,58.9,01FORAU,25000000,2007,14,13
Capri,Motor,MO350,58.55,04WITDE,34950000,2003,12,17
Islander,Motor,MO351,58.52,02HAVAU,12850000,1991,14,12
Galaxy,Motor,MO352,56,34SIMIT,19950000,2005,14,15
Geo,Motor,MO353,55,14DOLIT,33000000,2014,12,13
Quinta Essentia,Motor,MO354,55,15VERNL,34500000,2011,12,11
Dream Boat,Motor,MO355,51.75,14VANNL,26572686,2003,13,12
Gallant Lady,Motor,MO356,51.21,14VANNL,32359288,2007,10,11
Harmony,Motor,MO357,50,25WESUS,25697081,2010,12,12
Wheels,Motor,MO358,50,17SOUUS,21852037,2009,12,9
Antares,Sail,SA064,39.98,17VOSNL,14500000,2005,9,6
Mystere,Sail,SA065,43.2,01BOKNL,12950000,2006,7,6
Malibu,Motor,MO359,50,16VOONL,19500000,2001,12,11
Satori,Motor,MO360,49.8,15VERNL,27900000,2011,10,10
SYL,Sail,SA066,43.6,01TARES,12950000,2003,8,8
Helios,Sail,SA067,45.26,33SERIT,14350000,2007,11,6
Clear Eyes,Sail,SA068,43.13,01AEGTR,11000000,2010,12,8
Hanuman,Sail,SA069,42.1,17VOSNL,11000000,2009,6,8
Nassima,Motor,MO361,49.18,02CUSNL,27900000,2012,12,10
Katya,Motor,MO362,46,18SPIUS,26645018,2009,12,10
Madsummer,Motor,MO363,44.65,14VANNL,24950000,2008,12,9
Allegria,Motor,MO364,46.21,04ENGNL,22822815,2004,11,9
Westport 130,Motor,MO365,39.02,25WESUS,16366186,2012,10,7
Northlander,Motor,MO366,38.16,11PINNL,18654178,2009,10,5
G-Force,Motor,MO367,37.3,15VERNL,15950000,2006,12,6
Twilight,Motor,MO368,38.1,08MEHTR,15900000,2013,8,6
Crystal,Motor,MO369,36.9,11PINNL,14950000,2011,12,7
Shooting Star,Motor,MO370,38,02NORDK,14500000,2011,10,5
Katrion,Motor,MO371,38.55,14VANNL,12900000,2003,10,7
Awesome,Motor,MO372,39.5,27OSPIT,12800000,2005,10,6
Aset,Motor,MO373,39.6,27OSPIT,12000000,2007,11,6
Forever One,Motor,MO374,39.65,27OSPIT,10500000,2007,8,6
Far Far Away,Motor,MO375,36.58,01BODBR,10621460,2012,10,7
Giorgia,Motor,MO376,36.58,34SIMIT,9995000,2009,12,7
Constellation,Motor,MO377,39.62,25WESUS,8752236,2007,8,7
Believe,Motor,MO378,39.62,25WESUS,7537811,2005,10,7
Mariposa,Motor,MO379,38.5,01ADRHR,7900000,2010,10,6
Silver Breeze,Motor,MO380,23.21,02ALEIT,4950000,2010,8,4
Nirvana,Motor,MO381,88.5,09KRONL,199000000,2012,12,27
Project Stingray,Motor,MO382,74.5,05AVRTR,49500000,2016,12,19
Carpe Diem,Motor,MO383,58.22,17SOUUS,41052673,2011,12,12
Lady Linda,Motor,MO384,57,17SOUUS,33435172,2012,12,12
Malahne,Motor,MO385,53.95,06SOLGB,550000,1937,15,18
Athena,Sail,SA070,90,17VOSNL,57126410,2004,12,20
Rasselas,Motor,MO386,52,14VANNL,19801184,1994,12,13
Genevieve,Sail,SA071,37,03NORNZ,5950000,1996,9,6
Pacific Eagle ,Sail,SA072,31.9,03NORNZ,2200000,1981,6,4
Seaquell,Sail,SA073,32.9,03NORNZ,4350000,1992,6,4
Serenity,Motor,MO387,72,01FORAU,79000000,2003,32,37
Moonbird,Sail,SA074,37.15,04ROYNZ,7350000,2003,8,6
Ludynosa G,Sail,SA075,37.43,04ROYNZ,7250000,2005,8,6
Nephele ,Sail,SA076,34.17,02HAVAU,4000000,2003,6,5
Maya,Sail,SA077,21.34,02HAVAU,795000,1995,6,2
Ermis 2,Motor,MO388,37.56,03NORNZ,13000000,2008,8,4
Blisimer,Sail,SA078,36.8,02COONZ,11900000,2009,4,3
Silvertrip,Sail,SA079,33.83,02COONZ,5950000,2001,7,4
Aresteas,Sail,SA080,50.92,02HAVAU,15750000,2017,12,6
ZanZiba,Sail,SA081,45.9,03MILAU,5750000,2015,10,0
Carpe Diem,Sail,SA083,47,01COANZ,3350000,2010,12,6
Clear Eyes,Sail,SA084,44.7,02COONZ,9800000,2010,10,8
Roxane,Sail,SA085,46.8,03NORNZ,7500000,2010,9,7
Endeavour,Sail,SA086,43.31,04ROYNZ,6750559,2015,8,0
Perla Del Mare,Sail,SA088,42.2,04ROYNZ,3604903,2010,12,7
Mirabella,Sail,SA089,41.5,03MILAU,1950000,1994,10,7
